{
    "start_day_of_year": 3.335046e-317,
    "start_day_of_year_load_ui": 3.335046e-317
}